<?xml version='1.0' encoding='UTF-8'?>
<?artifactRepository version='1.1.0'?>
<repository name='file:/Users/pablocabrera/Development/drupal-connector/mule-module-drupal/target/update-site/ - artifacts' type='org.eclipse.equinox.p2.artifact.repository.simpleRepository' version='1'>
  <properties size='2'>
    <property name='p2.timestamp' value='1362176301701'/>
    <property name='p2.compressed' value='false'/>
  </properties>
  <mappings size='3'>
    <rule filter='(&amp; (classifier=osgi.bundle))' output='${repoUrl}/plugins/${id}_${version}.jar'/>
    <rule filter='(&amp; (classifier=binary))' output='${repoUrl}/binary/${id}_${version}'/>
    <rule filter='(&amp; (classifier=org.eclipse.update.feature))' output='${repoUrl}/features/${id}_${version}.jar'/>
  </mappings>
  <artifacts size='2'>
    <artifact classifier='org.eclipse.update.feature' id='org.mule.tooling.ui.extension.drupal' version='1.0.0.201303011918'>
      <properties size='4'>
        <property name='artifact.size' value='9883'/>
        <property name='download.size' value='9883'/>
        <property name='download.md5' value='14e135f81ed0267e4529b9d743b0421d'/>
        <property name='download.contentType' value='application/zip'/>
      </properties>
    </artifact>
    <artifact classifier='osgi.bundle' id='org.mule.tooling.ui.contribution.drupal' version='1.0.0.201303011918'>
      <properties size='3'>
        <property name='artifact.size' value='794883'/>
        <property name='download.size' value='794883'/>
        <property name='download.md5' value='1b485f414d6c66f805814390298da4f6'/>
      </properties>
    </artifact>
  </artifacts>
</repository>
